"air_temperature_C","deltar","metabolic_W","evaporation_W","convection_W","longwave_in_W","longwave_out_W","skin_C","fur_C","lung_C","fur_conductivity","respiratory_water_g_h","cutaneous_water_g_h","area_m2","skin_area_m2"
0,100,111.219980168658,16.3221845557072,42.3240632143913,272.973742585363,325.546793454974,20.2152799974218,13.423986373203,28.6076399987109,0.0340149871359546,16.1352598157972,0.251734921001253,0.7956395970262,0.783038821081631
2,100,105.629194429723,15.8552237414535,39.3586381938734,278.873419155349,329.288621282084,21.0546542565055,14.6528069509198,29.0273271282528,0.0341328503610708,15.7015877700833,0.784173116283106,0.7956395970262,0.783038821081631
4,100,99.8252233432601,15.0300755050614,36.5311764806249,284.962095025474,333.225389028814,21.9300707236534,15.9052801935541,29.4650353618267,0.0342506618227971,15.2185781868828,0.815773924367482,0.7956395970262,0.783038821081631
6,100,94.0017102666067,14.2085635749044,33.7641476688294,291.186208421446,337.215039699219,22.8093684542365,17.1605660508574,29.9046842271182,0.0343684216041983,14.6968189548358,0.84769459984279,0.7956395970262,0.783038821081631
8,100,88.1586551997632,13.3895507109944,31.0583367217227,297.547684500247,341.258512471672,23.6926030433817,18.4187284938678,30.3463015216908,0.0344861297881616,14.1345960693871,0.879771807272552,0.7956395970262,0.783038821081631
10,100,82.2942815981668,12.5715845987115,28.4146252903585,304.048476797203,345.356737832862,24.5798244270644,19.6798210533412,30.7899122135322,0.0346037864573967,13.5298585533436,0.911800903693437,0.7956395970262,0.783038821081631
12,100,76.5826908289658,11.9292451799046,25.8340135630339,310.690572178277,349.51063279738,25.4710760427666,20.9438852428052,31.2355380213833,0.034721391694437,13.0847326599462,0.943524821956675,0.7956395970262,0.783038821081631
14,100,71.5319746371032,11.969953565486,23.3176485078572,317.475997278594,353.721094990439,26.3663938010232,22.2109485523434,31.6831969005116,0.0348389455816396,13.4155803991701,0.974618888579196,0.7956395970262,0.783038821081631
16,100,66.4634929996132,12.0147874033637,20.8668610504658,324.40682704835,357.988995294389,27.2658048188042,23.4810218593035,32.1329024094021,0.0349564482011856,13.7536759260131,1.00466955723261,0.7956395970262,0.783038821081631
18,100,61.3772459164959,12.063382576394,18.4832160654325,331.485196374845,362.315168698255,28.1693258569728,24.7540960329605,32.5846629284864,0.0350738996350812,14.0990268755196,1.03314372187694,0.7956395970262,0.783038821081631
20,100,56.2714568431883,12.1152505905519,16.1685813081969,338.713316352181,366.700402963789,29.0769614035879,26.0301374038295,33.0384807017939,0.0351912999651575,14.4516212138176,1.05934284905446,0.7956395970262,0.783038821081631
22,100,51.1461257796907,12.1697290488243,13.9252253745923,346.093497871177,371.145424843893,29.9887013748295,27.3090816029546,33.4943506874147,0.0353086492730715,14.8114245371763,1.0823314463948,0.7956395970262,0.783038821081631
24,100,46.0048058151285,12.2259516167369,11.7561772861972,353.628107703385,375.650717596878,30.9044848194684,28.5916390418658,33.9522424097342,0.035425947640306,15.1783615410316,1.1009120284967,0.7956395970262,0.783038821081631
26,100,40.8439438603762,12.2824954027029,9.66451084657587,361.319978400961,380.217231145266,31.8243446069737,29.8757677354308,34.4121723034869,0.0355431951481708,15.5523799762762,1.11302610612986,0.7956395970262,0.783038821081631
28,100,35.6653164599965,12.3374542697256,7.65525830131857,369.171913958794,384.845183556948,32.7481650621122,31.1623798160592,34.8740825310561,0.0356603918778024,15.9333380457621,1.11598728308148,0.7956395970262,0.783038821081631
30,100,30.4707001585521,12.3876373634924,5.73491890962035,377.187327687533,389.534987703338,33.6758711064882,32.4511518266546,35.3379355532441,0.035777537910165,16.3210877567475,1.10518807249135,0.7956395970262,0.783038821081631
32,100,25.2565418669176,12.4272085805951,3.91308740140804,385.370529733622,394.287265760297,34.6074293364748,33.7416441271626,35.8037146682374,0.0358946333260507,16.7154764413346,1.07205986072857,0.7956395970262,0.783038821081631
34,100,20.0246181296558,12.4429068421004,2.20565902873381,393.727932434347,399.104233021304,35.5431137668004,35.0333431034805,36.2715568834002,0.03601167820608,17.1164862552987,0.996762454058672,0.7956395970262,0.783038821081631
36,100,14.7589400457019,12.3837270842036,0.647006585283847,402.274354086123,404.001929596364,36.4858355748424,36.32679478625,36.7429177874212,0.0361286726307023,17.5254972103441,0.801424024462275,0.7956395970262,0.783038821081631
38,100,9.58961581701578,12.5028769013306,-0.788824478535355,410.971726262271,408.847948055268,37.410211328853,37.6049354227026,37.2051056644265,0.0362456166801964,17.9285304537565,0.879663478598255,0.7956395970262,0.783038821081631
40,100,4.39550879167941,12.7706440153004,-2.35570939962779,419.785716506391,413.766347566668,38.340029165264,38.8968220317935,37.670014582632,0.0363625104346708,18.3377719087248,1.17436600835379,0.7956395970262,0.783038821081631
0,0,101.278436795579,6.38203345731555,42.3240632143913,272.973742585363,325.546793454974,20.2152799974218,13.423986373203,28.6076399987109,0.0340149871359546,2.12143102270174,0.251734921001253,0.7956395970262,0.783038821081631
2,0,96.1744242668346,6.40001082149168,39.3586381938734,278.873419155349,329.288621282084,21.0546542565055,14.6528069509198,29.0273271282528,0.0341328503610708,2.32941995309641,0.784173116283106,0.7956395970262,0.783038821081631
4,0,90.8874276481279,6.0928374932148,36.5311764806249,284.962095025474,333.225389028814,21.9300707236534,15.9052801935541,29.4650353618267,0.0342506618227971,2.5395646055942,0.815773924367482,0.7956395970262,0.783038821081631
6,0,85.6093137522349,5.81618950777092,33.7641476688294,291.186208421446,337.215039699219,22.8093684542365,17.1605660508574,29.9046842271182,0.0343684216041983,2.75368745515818,0.84769459984279,0.7956395970262,0.783038821081631
8,0,80.3365294900301,5.56752222539574,31.0583367217227,297.547684500247,341.258512471672,23.6926030433817,18.4187284938678,30.3463015216908,0.0344861297881616,2.96855894886633,0.879771807272552,0.7956395970262,0.783038821081631
10,0,75.2271873275972,5.50413465098611,28.4146252903585,304.048476797203,345.356737832862,24.5798244270644,19.6798210533412,30.7899122135322,0.0346037864573967,3.28826721885299,0.911800903693437,0.7956395970262,0.783038821081631
12,0,70.2990527105634,5.64488880209799,25.8340135630339,310.690572178277,349.51063279738,25.4710760427666,20.9438852428052,31.2355380213833,0.034721391694437,3.76268283488234,0.943524821956675,0.7956395970262,0.783038821081631
14,0,65.388683539157,5.82582003575685,23.3176485078572,317.475997278594,353.721094990439,26.3663938010232,22.2109485523434,31.6831969005116,0.0348389455816396,4.29753277019426,0.974618888579196,0.7956395970262,0.783038821081631
16,0,60.4996329025035,6.05117418914694,20.8668610504658,324.40682704835,357.988995294389,27.2658048188042,23.4810218593035,32.1329024094021,0.0349564482011856,4.89962060366174,1.00466955723261,0.7956395970262,0.783038821081631
18,0,55.6390069788538,6.32558428010794,18.4832160654325,331.485196374845,362.315168698255,28.1693258569728,24.7540960329605,32.5846629284864,0.0350738996350812,5.57645735644482,1.03314372187694,0.7956395970262,0.783038821081631
20,0,50.8103588573334,6.65409204621894,16.1685813081969,338.713316352181,366.700402963789,29.0769614035879,26.0301374038295,33.0384807017939,0.0351912999651575,6.3363407210872,1.05934284905446,0.7956395970262,0.783038821081631
22,0,46.0190181716304,7.04216014209666,13.9252253745923,346.093497871177,371.145424843893,29.9887013748295,27.3090816029546,33.4943506874147,0.0353086492730715,7.18844607955678,1.0823314463948,0.7956395970262,0.783038821081631
24,0,41.2738676445586,7.49572367676914,11.7561772861972,353.628107703385,375.650717596878,30.9044848194684,28.5916390418658,33.9522424097342,0.035425947640306,8.14293159650275,1.1009120284967,0.7956395970262,0.783038821081631
26,0,36.582013454369,8.02087525761832,9.66451084657587,361.319978400961,380.217231145266,31.8243446069737,29.8757677354308,34.4121723034869,0.0355431951481708,9.21106017726817,1.11302610612986,0.7956395970262,0.783038821081631
28,0,31.9523383238752,8.62410715442325,7.65525830131857,369.171913958794,384.845183556948,32.7481650621122,31.1623798160592,34.8740825310561,0.0356603918778024,10.4053417074369,1.11598728308148,0.7956395970262,0.783038821081631
30,0,27.3937249758908,9.31156410998357,5.73491890962035,377.187327687533,389.534987703338,33.6758711064882,32.4511518266546,35.3379355532441,0.035777537910165,11.7396997771625,1.10518807249135,0.7956395970262,0.783038821081631
32,0,22.9177209500738,10.0878112272394,3.91308740140804,385.370529733622,394.287265760297,34.6074293364748,33.7416441271626,35.8037146682374,0.0358946333260507,13.2296680859211,1.07205986072857,0.7956395970262,0.783038821081631
34,0,18.5323206969563,10.9511141264932,2.20565902873381,393.727932434347,399.104233021304,35.5431137668004,35.0333431034805,36.2715568834002,0.03601167820608,14.8926229839907,0.996762454058672,0.7956395970262,0.783038821081631
36,0,14.2366359442571,11.8624556637225,0.647006585283847,402.274354086123,404.001929596364,36.4858355748424,36.32679478625,36.7429177874212,0.0361286726307023,16.7480602196972,0.801424024462275,0.7956395970262,0.783038821081631
38,0,9.58961581701578,12.5028769013306,-0.788824478535355,410.971726262271,408.847948055268,37.410211328853,37.6049354227026,37.2051056644265,0.0362456166801964,17.9285304537565,0.879663478598255,0.7956395970262,0.783038821081631
40,0,4.39550879167941,12.7706440153004,-2.35570939962779,419.785716506391,413.766347566668,38.340029165264,38.8968220317935,37.670014582632,0.0363625104346708,18.3377719087248,1.17436600835379,0.7956395970262,0.783038821081631
