"air_temperature_C","part","core_C","skin_dorsal_C","skin_ventral_C","surface_dorsal_C","surface_ventral_C","flesh_conductivity","skin_wetness_pct","heat_generated_W","evaporation_W","convection_W","area_m2","join_area_m2"
-10,"head",36.8,24.0670026976211,20.9630251258104,9.79445961855875,20.9625812880029,1.1,1,39.6271797008218,0.106864713110954,24.2782235275211,0.161957291175534,0.00394356411111371
-10,"trunk",36.8,20.7547027506347,23.0268400101687,0.44818737161375,1.24801437488042,0.9,1,46.0573946689664,0.373159797546424,31.5581148884166,0.64068060585065,0.0518190674723761
-10,"arm",36.5,29.9172336986143,30.0136796907825,3.54046246041993,3.57228582077171,0.5,1,30.5674355989394,0.278708499553094,22.5758433881414,0.232471732742056,0.00464943465484111
-10,"leg",36.7,25.6902207336583,26.1554016680907,2.83498106142253,3.00584735251101,0.5,1,44.3710724716184,0.366952225060562,32.4234182167712,0.413187451464243,0.0137729136715166
-8,"head",36.8,24.5998232352161,21.6537873179288,10.9295486877978,21.6533897971457,1.1,1,37.9300435464877,0.10934261946886,22.9930537117802,0.161957291175534,0.00394356411111371
-8,"trunk",36.8,21.3745524069293,23.5633032783586,2.0224381394856,2.79573239717259,0.9,1,44.2701795077061,0.380047968644347,29.9095676386401,0.64068060585065,0.0518190674723761
-8,"arm",36.5,30.1737490400941,30.2667038791467,5.02814884829277,5.05900292725666,0.5,1,29.3754785484996,0.279371004762268,21.4863050852706,0.232471732742056,0.00464943465484111
-8,"leg",36.7,26.1201517329232,26.5684163580425,4.33970496903359,4.50518074814999,0.5,1,42.6350214532189,0.37090758171678,30.8172421160427,0.413187451464243,0.0137729136715166
-6,"head",36.8,25.1335021730308,22.3437509475493,12.0662091625074,22.3433967101773,1.1,1,36.2328243959176,0.111693551722183,21.7266590230748,0.161957291175534,0.00394356411111371
-6,"trunk",36.8,22.0001422632546,24.1043373434782,3.59575075170681,4.34106294325587,0.9,1,42.4671340476171,0.386479664956462,28.2791084804837,0.64068060585065,0.0518190674723761
-6,"arm",36.5,30.4328201764168,30.5222248076605,6.51034910060395,6.54020464799718,0.5,1,28.1717193746458,0.279642960016982,20.4015204242718,0.232471732742056,0.00464943465484111
-6,"leg",36.7,26.5539915549605,26.9850768232023,5.84016741640538,6.0001081860012,0.5,1,40.8834809722728,0.37435973800284,29.2217472897779,0.413187451464243,0.0137729136715166
-4,"head",36.8,25.6680875879409,23.0329463115268,13.2045299052596,23.0326323806497,1.1,1,34.5354135430233,0.11388938674288,20.4792223381183,0.161957291175534,0.00394356411111371
-4,"trunk",36.8,22.6315095087862,24.6499748200628,5.16633420368666,5.88407871615904,0.9,1,40.6481502841217,0.392337677435246,26.6673192659104,0.64068060585065,0.0518190674723761
-4,"arm",36.5,30.6944471465568,30.780242295832,7.98708118260725,8.01590845451882,0.5,1,26.9561585634448,0.27947358517139,19.3219885280577,0.232471732742056,0.00464943465484111
-4,"leg",36.7,26.9917455778095,27.4053872844238,7.33640729492498,7.49066681998065,0.5,1,39.1164318593714,0.377227145455628,27.6376663686791,0.413187451464243,0.0137729136715166
-2,"head",36.8,26.203625342117,23.7213965928413,14.3445939411317,23.7211200539384,1.1,1,32.8377152206631,0.115898896569279,19.2509475458956,0.161957291175534,0.00394356411111371
-2,"trunk",36.8,23.2686908084889,25.200248155743,6.73526607490839,7.42484580416404,0.9,1,38.8131212039164,0.397525719572594,25.0750502244851,0.64068060585065,0.0518190674723761
-2,"arm",36.5,30.9586289164833,31.0407550969651,9.45835483109836,9.48612356062952,0.5,1,25.7288016107037,0.27880715829037,18.2482304122003,0.232471732742056,0.00464943465484111
-2,"leg",36.7,27.4334180361097,27.8293508035053,8.82845608917685,8.97688626732644,0.5,1,37.3338597254769,0.379419852573097,26.0657622720724,0.413187451464243,0.0137729136715166
0,"head",36.8,26.7401588013188,24.4091169482414,15.4864777954602,24.4088749547607,1.1,1,31.1396482568305,0.117687535395207,18.0420622530603,0.161957291175534,0.00394356411111371
0,"trunk",36.8,23.9117246084849,25.7551891860762,8.30261215424258,8.96342399553095,0.9,1,36.9619385644022,0.401925443329186,23.5030947305772,0.64068060585065,0.0518190674723761
0,"arm",36.5,31.2253630875855,31.3037606096959,10.9241702371952,10.9508496014664,0.5,1,24.4896603794501,0.27758274331661,17.1807922531191,0.232471732742056,0.00464943465484111
0,"leg",36.7,27.8790116166251,28.2569688860302,10.3163366960575,10.4587874082723,0.5,1,35.5357566183462,0.38083899741571,24.5068329913893,0.413187451464243,0.0137729136715166
2,"head",36.8,27.2210109390169,25.0398872742272,16.5990654449961,25.0396398384941,1.1,1,29.5978034536354,0.356475765837859,16.8068460233242,0.161957291175534,0.00394356411111371
2,"trunk",36.8,24.4112070666595,26.169077820648,9.81934518527958,10.4529156913396,0.9,1,35.5551534507858,1.20412616189307,21.7948216955981,0.64068060585065,0.0518190674723761
2,"arm",36.5,31.3965728100639,31.4721563420827,12.3519613884672,12.3778062640192,0.5,1,23.6955697671005,0.821880387188339,16.0594786388063,0.232471732742056,0.00464943465484111
2,"leg",36.7,28.1956773228742,28.5578187366693,11.7535282897961,11.8909053083287,0.5,1,34.2661081519193,1.13414067548377,22.8313215049902,0.413187451464243,0.0137729136715166
4,"head",36.8,27.7591315881685,25.7250745083878,17.7444676393132,25.7248594548865,1.1,1,27.9010485173039,0.360843105320166,15.6374759994818,0.161957291175534,0.00394356411111371
4,"trunk",36.8,25.0644862369325,26.7326517078088,11.3829172707561,11.986775085908,0.9,1,33.6748551597282,1.21358601628355,20.2666270381516,0.64068060585065,0.0518190674723761
4,"arm",36.5,31.669135306224,31.7408846788101,13.8068514183728,13.8315537721626,0.5,1,22.4294256670311,0.815239545432858,15.0074207719257,0.232471732742056,0.00464943465484111
4,"leg",36.7,28.6489442417889,28.992714157581,13.2327532201057,13.363903395918,0.5,1,32.4372737018385,1.13443661893533,21.3020565609411,0.413187451464243,0.0137729136715166
6,"head",36.8,28.2984483870896,26.4095956275276,18.8919176809418,26.4094102925771,1.1,1,26.2035584111198,0.364485745705692,14.4884614678778,0.161957291175534,0.00394356411111371
6,"trunk",36.8,25.7239637490289,27.3012309747598,12.9451204830671,13.5186444614997,0.9,1,31.7773365484749,1.22048416181085,18.7617360314071,0.64068060585065,0.0518190674723761
6,"arm",36.5,31.9444049611587,32.012258145083,15.2562626155572,15.2797892623351,0.5,1,21.1507788832483,0.806837873804176,13.9636435652005,0.232471732742056,0.00464943465484111
6,"leg",36.7,29.1063593880222,29.4314851120331,14.7078830658874,14.8326482974963,0.5,1,30.5919836894252,1.13224019570084,19.7887301044948,0.413187451464243,0.0137729136715166
8,"head",36.8,28.8389994753734,27.0934309223252,20.0414607974504,27.0932727130912,1.1,1,24.505307571891,0.36730893305403,13.3601739934588,0.161957291175534,0.00394356411111371
8,"trunk",36.8,26.3897004811605,27.8748664992911,14.5059945122591,15.0485527548107,0.9,1,29.8624253708903,1.22448896410478,17.2811624050204,0.64068060585065,0.0518190674723761
8,"arm",36.5,32.2223837653397,32.2862783865276,16.7001420308901,16.7224589546105,0.5,1,19.8596211348777,0.796508463621592,12.9288515905853,0.232471732742056,0.00464943465484111
8,"leg",36.7,29.5679359564269,29.8741428168878,16.1788964994206,16.2971154488234,0.5,1,28.7301887636154,1.12727587440375,18.2923753880193,0.413187451464243,0.0137729136715166
10,"head",36.8,29.3808181827065,27.7765445823658,21.1931295679517,27.7764109813406,1.1,1,22.8062994404415,0.36921027993425,12.2530349308994,0.161957291175534,0.00394356411111371
10,"trunk",36.8,27.0617561855152,28.4536073613218,16.0655664861393,16.5765147192765,0.9,1,27.9299541208939,1.2252387576521,15.8259977124388,0.64068060585065,0.0518190674723761
10,"arm",36.5,32.5030702909146,32.5629436533392,18.1384147258619,18.1594870018748,0.5,1,18.5559600970745,0.784072229898612,11.9038065328637,0.232471732742056,0.00464943465484111
10,"leg",36.7,30.0336831514701,30.3206944671084,17.6457526452805,17.7572603665181,0.5,1,26.851856194223,1.11924567655303,16.8141085117369,0.413187451464243,0.0137729136715166
12,"head",36.8,29.9239638197232,28.4588814077257,22.3459863506651,28.4587699555083,1.1,1,21.106528315126,0.370077025172525,11.1674821046033,0.161957291175534,0.00394356411111371
12,"trunk",36.8,27.7401887004389,29.0374999434261,17.6238482144852,18.1025278216163,0.9,1,25.9797626987427,1.22233761783224,14.3974297652616,0.64068060585065,0.0518190674723761
12,"arm",36.5,32.7864586838526,32.8422478021179,19.5709788899956,19.5907705917683,0.5,1,17.2398240965217,0.769336537352413,10.8893393379028,0.232471732742056,0.00464943465484111
12,"leg",36.7,30.5036048552017,30.7711419163906,19.1083866708905,19.2130141615028,0.5,1,24.9569753577134,1.1078263448903,15.3551465793968,0.413187451464243,0.0137729136715166
14,"head",36.8,30.4683869354471,29.140362556085,23.5021290510566,29.1402709268331,1.1,1,19.4061721415673,0.36979358214165,10.1041626849329,0.161957291175534,0.00394356411111371
14,"trunk",36.8,28.4250530155722,29.6265868359246,19.1808325859989,19.6265681772876,0.9,1,24.0117016249394,1.21534937983735,12.9967669326171,0.64068060585065,0.0518190674723761
14,"arm",36.5,33.0725373926606,33.1241790366605,20.9976994554358,21.0161735407503,0.5,1,15.9112680346657,0.752093169410361,9.88636609239879,0.232471732742056,0.00464943465484111
14,"leg",36.7,30.977697949694,31.2254800138326,20.5667040106732,20.6642776612232,0.5,1,23.0455646506153,1.09266528378799,13.9168315358712,0.413187451464243,0.0137729136715166
16,"head",36.8,31.014137644712,29.8208799846276,24.6603639357338,29.8208059113882,1.1,1,17.7053112671508,0.368226578933409,9.06366546992616,0.161957291175534,0.00394356411111371
16,"trunk",36.8,29.116400189012,30.220905517302,20.7364887731593,21.1485851278927,0.9,1,22.0256358560255,1.20378884410143,11.6254708347184,0.64068060585065,0.0518190674723761
16,"arm",36.5,33.3613156134982,33.4087185828662,22.4175280347296,22.4355107273936,0.5,1,14.5703340327036,0.732100903578113,8.89586164252175,0.232471732742056,0.00464943465484111
16,"leg",36.7,31.4559501962028,31.6836944976003,22.0205726581358,22.1109135636017,0.5,1,21.1176802391207,1.07337449037778,12.5006621035222,0.413187451464243,0.0137729136715166
18,"head",36.8,31.5612159879111,30.5002303987473,25.8206433539362,30.5011142203365,1.1,1,16.00422760994,0.365247776068906,8.04677551315869,0.161957291175534,0.00394356411111371
18,"trunk",36.8,29.814276149502,30.8204867941656,22.2907557177458,22.6684938498121,0.9,1,20.0214491875399,1.18710833823894,10.2852013926122,0.64068060585065,0.0518190674723761
18,"arm",36.5,33.6527030182928,33.6958374992719,23.8321374143372,23.8485660943442,0.5,1,13.2172585015514,0.709139883783867,7.91908870245813,0.232471732742056,0.00464943465484111
18,"leg",36.7,31.9383375461699,32.1457593175251,23.469812654624,23.5527357331679,0.5,1,19.1734271709474,1.049521112049,11.1083375871262,0.413187451464243,0.0137729136715166
20,"head",36.8,32.5198216232666,31.6136816118007,27.2101529759349,31.6142864784631,1.25,1,14.8980485232925,0.374281856575823,7.35155011210253,0.161968995387296,0.00394385347954966
20,"trunk",36.8,31.0792110430612,31.8405368113602,24.0518537687297,24.3383841752313,1.05,1,19.1979209709139,1.21853490797024,9.45746983742181,0.64068060585065,0.0518190674723761
20,"arm",36.5,34.4438942603932,34.4691191382544,25.4209363890312,25.4307763287331,0.65,1,12.2690168258979,0.711795737331006,7.23827081590554,0.232471732742056,0.00464943465484111
20,"leg",36.7,33.1337544688618,33.2645713971043,25.1886927805014,25.2415690320574,0.65,1,18.2825642175237,1.0835328725966,10.3611215809296,0.413187451464243,0.0137729136715166
22,"head",36.8,33.7279703588729,33.00921522385,28.7387645037421,33.0096638923616,1.7,2.5,14.7526760341372,0.979260180158542,6.85614061811044,0.161997462540816,0.00394455725844276
22,"trunk",36.8,32.617812550383,33.0529894075075,25.9229406962289,26.0873239393227,1.5,2.5,20.9080591194793,3.18875815449921,8.89318575419993,0.64068060585065,0.0518190674723761
22,"arm",36.5,35.2547145426455,35.2643282567253,27.016556476572,27.0212185677773,1.1,2.5,12.3874641479265,1.78327259132806,6.5830907184317,0.232471732742056,0.00464943465484111
22,"leg",36.7,34.4295660399701,34.4851287140522,26.9539899264426,26.976125441807,1.1,2.5,19.2500575272858,2.81654070662435,9.73614086411343,0.413187451464243,0.0137729136715166
24,"head",36.8,34.532407873471,33.9736527972346,30.0458186714009,33.9739820742394,2.15,4,14.020418156084,1.57607643375241,6.08303650394191,0.162018144706069,0.00394506854889529
24,"trunk",36.8,33.6778920983495,33.9383224416248,27.6113498589445,27.709898763379,1.95,4,21.635543547484,5.12764586197784,7.94091492851241,0.64068060585065,0.0518190674723761
24,"arm",36.5,35.6401822490139,35.6450092242662,28.4495082308504,28.4519887030498,1.55,4,12.0883093916426,2.74176308241428,5.6983113564995,0.232471732742056,0.00464943465484111
24,"leg",36.7,35.10750202915,35.1363376790378,28.4721108650886,28.484571832941,1.55,4,19.2496674186108,4.42890864717606,8.57939394851138,0.413187451464243,0.0137729136715166
26,"head",36.8,34.9503259143017,34.4967401723469,31.1397780959947,34.4970529712138,2.35,6,12.8228415745123,2.27670283209841,5.0506835333695,0.162033184931788,0.00394544035040169
26,"trunk",36.8,34.2674289665356,34.4483243690502,29.1195645621513,29.1878277729452,2.15,6,21.646382191591,7.36530049105975,6.60589492880259,0.64068060585065,0.0518190674723761
26,"arm",36.5,35.7794784592841,35.7830174975738,29.7812660801695,29.783144108904,1.75,6,11.7600058418526,3.82637221318252,4.6938423605469,0.232471732742056,0.00464943465484111
26,"leg",36.7,35.3932688196899,35.4135382692319,29.8272212020072,29.8362467838819,1.75,6,18.9295233991134,6.24750515176521,7.10065118426224,0.413187451464243,0.0137729136715166
28,"head",36.8,35.0722028297449,34.6724113021075,32.0679058489368,34.6729021814639,2.175,10,11.7250135096795,3.50327469671773,3.8455709554417,0.162056167381648,0.00394600846675036
28,"trunk",36.8,34.5945619814743,34.729976333729,30.5262500878216,30.5771705144357,1.975,10,22.8536299507979,11.3035400181162,5.09863496394687,0.64068060585065,0.0518190674723761
28,"arm",36.5,35.7322112350304,35.7361323602376,31.0324376487743,31.0345936283263,1.575,10,12.1638284929813,5.73168593535433,3.61787871635023,0.232471732742056,0.00464943465484111
28,"leg",36.7,35.4172145690528,35.4364063600385,31.0710507030875,31.0784146061448,1.575,10,19.6775104403535,9.39706328758647,5.44866260657096,0.413187451464243,0.0137729136715166
30,"head",36.8,35.089923024204,34.7279274568384,32.9359593569895,34.7288077069169,1.95,15.5,10.6363453875151,4.86085848762964,2.62879363033048,0.162068058518492,0.00394630240076415
30,"trunk",36.8,34.6346784442762,34.7608665908381,31.8067396103314,31.8532201006425,1.75,15.5,23.131444377157,15.2066285717204,3.40991127858883,0.64068060585065,0.0518190674723761
30,"arm",36.5,35.6183580574344,35.623261633498,32.2392498203617,32.2423576027421,1.35,15.5,12.4157113459978,7.7134041517127,2.54100699530871,0.232471732742056,0.00464943465484111
30,"leg",36.7,35.3022160826965,35.3242485551334,32.2353257537421,32.243233889731,1.35,15.5,19.9411575920648,12.5818956584015,3.73639699211079,0.413187451464243,0.0137729136715166
