"air_temperature_C","metabolic_W","core_C","lung_C","skin_C","surface_C","flesh_conductivity","skin_wetness_pct","respiration_evaporation_W","respiration_convection_W","cutaneous_evaporation_W","convection_W","area_m2"
-10,276.381225585938,36.8,34.5232142720293,25.2132401400357,3.41604274357036,0.680545137,0.99999995,24.3786979319619,-16.4139652429498,1.77134595988469,165.834861625763,2.00134893720258
-8,264.717407226562,36.8,34.6111803181192,25.6649685443976,4.88523372535937,0.680545137,0.99999995,23.4688147066275,-15.0478579381878,1.7899477610713,157.509715753047,2.00134893720258
-6,253.053588867188,36.8,34.6999599899597,26.1203383127215,6.35109826286921,0.680545137,0.99999995,22.5293576543329,-13.7412321329332,1.80617861271829,149.252302931658,2.00134893720258
-4,241.389770507812,36.8,34.7895585663312,26.5793658649482,7.81337832953872,0.680545137,0.99999995,21.5598302811633,-12.4940686770176,1.81962852543216,141.065851397502,2.00134893720258
-2,229.559326171875,36.8,34.8799812523391,27.0420664599318,9.27227869290219,0.680545137,0.99999995,20.5450200520951,-11.2981475918842,1.82987863786881,132.953983138926,2.00134893720258
0,217.8955078125,36.8,34.9712335004645,27.5084542379727,10.727831758472,0.680545137,0.99999995,19.514696014338,-10.170274789968,1.83645646018903,124.920407472654,2.00134893720258
2,209.064331054688,36.8,35.0420715030007,27.8554274766808,12.1365840327882,0.680545137,0.99999995,18.7359138368248,-9.22089227561179,5.47264405307515,116.383268006515,2.00134893720258
4,197.23388671875,36.8,35.1347771371309,28.328898849385,13.5851296143315,0.680545137,0.99999995,17.6638371362468,-8.19795906508588,5.4737814503401,108.523057703367,2.00134893720258
6,185.23681640625,36.8,35.2283615096897,28.8062967817771,15.0304287271909,0.680545137,0.99999995,16.5539408201853,-7.2287528820762,5.46312604652658,100.754944838676,2.00134893720258
8,173.23974609375,36.8,35.3228332556784,29.287645221301,16.4724734044935,0.680545137,0.99999995,15.4230931340617,-6.32060220842351,5.4393665732095,93.0837903556883,2.00134893720258
10,161.24267578125,36.8,35.418200848235,29.7729645385375,17.9112379642814,0.680545137,0.99999995,14.273749946625,-5.47348614178749,5.40108485048964,85.5148627325394,2.00134893720258
12,149.24560546875,36.8,35.5144724862854,30.2622716804436,19.3466354916394,0.680545137,0.99999995,13.1089620685908,-4.68738351610397,5.34674040749019,78.0538837044641,2.00134893720258
14,137.24853515625,36.8,35.6116559611555,30.7555731794521,20.7786789256886,0.680545137,0.99999995,11.9324577298038,-3.96227290267528,5.27465986837571,70.7073248740899,2.00134893720258
16,125.084838867188,36.8,35.7097585019423,31.2528751557489,22.2071152120455,0.680545137,0.99999995,10.7344342747711,-3.2937450106445,5.18296621094663,63.4821837967325,2.00134893720258
18,113.087768554688,36.8,35.808786604214,31.7541593204382,23.6320421296617,0.680545137,0.99999995,9.54908578059426,-2.69097581705969,5.06967810597359,56.3868294849396,2.00134893720258
20,106.256103515625,36.8,35.9988099130761,32.8137904847796,25.276084929059,0.8305451295,0.99999995,8.79498841149758,-2.27173508233159,5.18347398440127,52.0078047431946,2.0013603520459
22,109.921875,36.8,36.2150336342211,34.0135977187405,26.9871880108769,1.280545107,2.499999875,8.88053384355254,-2.08835771598709,13.3676449305626,48.3877895374006,2.00138811542053
24,108.5888671875,36.8,36.3488136465879,34.7350849248566,28.4977076141212,1.7305450845,3.9999998,8.52095791433505,-1.79242349112448,21.0450657549109,42.5793620424761,2.00140828629533
26,105.25634765625,36.8,36.3997319168418,35.0884723620413,29.8467555569986,1.9305450745,5.9999997,7.97589903788288,-1.4633836939939,29.7897580530536,35.2455655517904,2.00142295471954
28,107.255859375,36.8,36.3535874616272,35.198610791312,31.0849768411291,1.75554508325,9.9999995,7.79409566980735,-1.19795354324391,45.0643131607155,27.077288565231,2.00144536905305
30,106.755981445312,36.8,36.2967417051984,35.1462817883118,32.2378778059007,1.5305450945,15.499999225,7.37640504013712,-0.898902627833144,60.6580866795784,18.5935128837583,2.00145696625588
